set_code,set_name,printed_set_abbrev,db_card_print_id,db_number,db_name,db_variant_key,classification,reason
tk-bw-e,BW trainer Kit (Excadrill),TK,7dbcee60-5ec7-44d1-be47-e650f5c01288,3,Fighting Energy,,not_listed_on_bulbapedia_index,no_index_match
tk-bw-e,BW trainer Kit (Excadrill),TK,1a7b95d4-99dd-44cb-b014-9e5a83327774,6,Fighting Energy,,not_listed_on_bulbapedia_index,no_index_match
tk-bw-e,BW trainer Kit (Excadrill),TK,45fbd113-a75d-4605-96aa-3ccb103d4141,15,Potion,,not_listed_on_bulbapedia_index,no_index_match
tk-bw-e,BW trainer Kit (Excadrill),TK,3b36df79-2b67-4104-8e60-4822dd9b2165,22,Fighting Energy,,not_listed_on_bulbapedia_index,no_index_match
tk-bw-e,BW trainer Kit (Excadrill),TK,68e380df-d279-4647-8da9-14470f27ece1,26,Fighting Energy,,not_listed_on_bulbapedia_index,no_index_match
tk-bw-e,BW trainer Kit (Excadrill),TK,0fc079aa-e0f2-40be-bd35-884c02a00086,28,Fighting Energy,,not_listed_on_bulbapedia_index,no_index_match
tk-bw-e,BW trainer Kit (Excadrill),TK,900aff27-170f-488a-a00b-109e2dc0ff22,24,Pokémon Communication,,not_listed_on_bulbapedia_index,no_index_match
tk-bw-e,BW trainer Kit (Excadrill),TK,4861bcd4-0eb6-495a-af37-eef7485fdfaa,29,Timburr,,not_listed_on_bulbapedia_index,no_index_match
tk-bw-e,BW trainer Kit (Excadrill),TK,ce27a54c-0951-4197-82ef-1627da5e8f9c,1,Lillipup,,not_listed_on_bulbapedia_index,no_index_match
tk-bw-e,BW trainer Kit (Excadrill),TK,5f5679f6-b00f-4b59-af4b-a2cde9c4b660,2,Fighting Energy,,not_listed_on_bulbapedia_index,no_index_match
tk-bw-e,BW trainer Kit (Excadrill),TK,1cf624e2-332f-45a7-bcfb-bdea71d3cc59,7,Fighting Energy,,not_listed_on_bulbapedia_index,no_index_match
tk-bw-e,BW trainer Kit (Excadrill),TK,c5c067e6-4682-45dc-8345-6435a1054ee2,8,Fighting Energy,,not_listed_on_bulbapedia_index,no_index_match
tk-bw-e,BW trainer Kit (Excadrill),TK,8612e49b-bbc7-4145-bf70-72b1ef8a92a8,4,Energy Switch,,not_listed_on_bulbapedia_index,no_index_match
tk-bw-e,BW trainer Kit (Excadrill),TK,21ce31e4-4b98-40eb-ac09-9d97150e5f87,5,Fighting Energy,,not_listed_on_bulbapedia_index,no_index_match
tk-bw-e,BW trainer Kit (Excadrill),TK,f337d0a6-ceab-47a8-9089-a6f468ace0d0,14,Gurdurr,,not_listed_on_bulbapedia_index,no_index_match
tk-bw-e,BW trainer Kit (Excadrill),TK,a2b1eb4d-6607-4abf-8ea5-afa9e8e07e8b,10,Fighting Energy,,not_listed_on_bulbapedia_index,no_index_match
tk-bw-e,BW trainer Kit (Excadrill),TK,dcbf20e5-e0f8-45a8-9c0c-faed5ea9b946,12,Audino,,not_listed_on_bulbapedia_index,no_index_match
tk-bw-e,BW trainer Kit (Excadrill),TK,9aff8127-70d9-45f4-b929-d793cff9d78b,18,Audino,,not_listed_on_bulbapedia_index,no_index_match
tk-bw-e,BW trainer Kit (Excadrill),TK,d84ee335-2330-4306-a8a2-fffca04e0a2a,20,Fighting Energy,,not_listed_on_bulbapedia_index,no_index_match
tk-bw-e,BW trainer Kit (Excadrill),TK,1cfa230d-3a08-4528-933f-0399edfc6869,25,Drilbur,,not_listed_on_bulbapedia_index,no_index_match
tk-bw-e,BW trainer Kit (Excadrill),TK,249e63ef-6943-46e7-8cd1-c9b691110b98,27,Lillipup,,not_listed_on_bulbapedia_index,no_index_match
tk-bw-e,BW trainer Kit (Excadrill),TK,9fea0e86-618b-4c1b-b647-ff298b43b830,21,Energy Search,,not_listed_on_bulbapedia_index,no_index_match
tk-bw-e,BW trainer Kit (Excadrill),TK,85bfbeaf-4e64-4391-892a-f27ea77c9789,9,Fighting Energy,,not_listed_on_bulbapedia_index,no_index_match
tk-bw-e,BW trainer Kit (Excadrill),TK,b664ef3a-bdf1-42ab-8608-13820a11edbc,13,Drilbur,,not_listed_on_bulbapedia_index,no_index_match
tk-bw-e,BW trainer Kit (Excadrill),TK,cb4f2a98-5584-41d7-83ca-ec9cc1842593,17,Excadrill,,not_listed_on_bulbapedia_index,no_index_match
tk-bw-e,BW trainer Kit (Excadrill),TK,4e769f01-d6d0-49a6-8a42-9d05c96d81e1,19,Herdier,,not_listed_on_bulbapedia_index,no_index_match
tk-bw-e,BW trainer Kit (Excadrill),TK,e4d7adc5-c299-4ad8-9900-4f962fc820c4,23,Potion,,not_listed_on_bulbapedia_index,no_index_match
tk-bw-e,BW trainer Kit (Excadrill),TK,33f45209-4d24-409c-8963-9b071ef542b8,11,Timburr,,not_listed_on_bulbapedia_index,no_index_match
tk-bw-e,BW trainer Kit (Excadrill),TK,8b3fc68b-127f-4506-9a86-c8069532d72b,16,PlusPower,,not_listed_on_bulbapedia_index,no_index_match
tk-bw-e,BW trainer Kit (Excadrill),TK,f358b973-8dbb-48b5-abaa-de5f737ab24f,30,Excadrill,,not_listed_on_bulbapedia_index,no_index_match
tk-bw-z,BW trainer Kit (Zoroark),TK,f5f71f9b-dac9-49dc-8d63-11407a941c86,1,Purrloin,,not_listed_on_bulbapedia_index,no_index_match
tk-bw-z,BW trainer Kit (Zoroark),TK,b5df22ae-fa8a-437f-823f-cd65cf251006,10,Darkness Energy,,not_listed_on_bulbapedia_index,no_index_match
tk-bw-z,BW trainer Kit (Zoroark),TK,35a189d0-d586-4a34-9208-18132089a3d4,11,PlusPower,,not_listed_on_bulbapedia_index,no_index_match
tk-bw-z,BW trainer Kit (Zoroark),TK,47588d1d-bcb8-4ed9-a94f-1d8e485a8be5,12,Patrat,,not_listed_on_bulbapedia_index,no_index_match
tk-bw-z,BW trainer Kit (Zoroark),TK,761f4279-cab3-49d5-a64b-2dc73a21167c,13,Zorua,,not_listed_on_bulbapedia_index,no_index_match
tk-bw-z,BW trainer Kit (Zoroark),TK,2854c7cd-03f8-4d30-8302-70a0294c0722,14,Pidove,,not_listed_on_bulbapedia_index,no_index_match
tk-bw-z,BW trainer Kit (Zoroark),TK,2d9a22c9-d9db-4ea2-94e6-6d2d66d27b9f,15,Tranquill,,not_listed_on_bulbapedia_index,no_index_match
tk-bw-z,BW trainer Kit (Zoroark),TK,a06ff399-8d99-434e-8a22-7d6276147298,16,Energy Retrieval,,not_listed_on_bulbapedia_index,no_index_match
tk-bw-z,BW trainer Kit (Zoroark),TK,57af4449-ba8e-4bdf-ae9f-3af846ec3f2e,17,Zoroark,,not_listed_on_bulbapedia_index,no_index_match
tk-bw-z,BW trainer Kit (Zoroark),TK,70a57af8-9fce-430b-94ac-98a93518e7f4,18,Pokémon Communication,,not_listed_on_bulbapedia_index,no_index_match
tk-bw-z,BW trainer Kit (Zoroark),TK,52ef0dda-afcc-4b84-b609-3c03c30c882d,19,Minccino,,not_listed_on_bulbapedia_index,no_index_match
tk-bw-z,BW trainer Kit (Zoroark),TK,0522aa77-81a3-4203-bee9-e7817294b660,2,Watchog,,not_listed_on_bulbapedia_index,no_index_match
tk-bw-z,BW trainer Kit (Zoroark),TK,af97b2ac-4ab7-44a7-bc0a-a32c52565613,20,Darkness Energy,,not_listed_on_bulbapedia_index,no_index_match
tk-bw-z,BW trainer Kit (Zoroark),TK,28457a5b-4dfc-492e-841c-a94c38b48ca4,21,Pidove,,not_listed_on_bulbapedia_index,no_index_match
tk-bw-z,BW trainer Kit (Zoroark),TK,70594aea-3d3c-49a3-9759-70cba15c13d2,22,Darkness Energy,,not_listed_on_bulbapedia_index,no_index_match
tk-bw-z,BW trainer Kit (Zoroark),TK,a95f3901-955b-4432-b71f-938159f2c3e9,23,Zorua,,not_listed_on_bulbapedia_index,no_index_match
tk-bw-z,BW trainer Kit (Zoroark),TK,e42910ff-8653-4d85-b454-76da3f68dc50,24,Darkness Energy,,not_listed_on_bulbapedia_index,no_index_match
tk-bw-z,BW trainer Kit (Zoroark),TK,c80389b7-c7e1-453f-a783-0735b5a4436d,25,Purrloin,,not_listed_on_bulbapedia_index,no_index_match
tk-bw-z,BW trainer Kit (Zoroark),TK,0bb4356c-69dd-4ae9-a6cd-fa904cb70852,26,Darkness Energy,,not_listed_on_bulbapedia_index,no_index_match
tk-bw-z,BW trainer Kit (Zoroark),TK,8cae8c6e-b5d5-429a-b684-84b8f6378701,27,Energy Search,,not_listed_on_bulbapedia_index,no_index_match
tk-bw-z,BW trainer Kit (Zoroark),TK,617c4ebb-0597-48c6-82ee-19ad63e7ab4f,28,Darkness Energy,,not_listed_on_bulbapedia_index,no_index_match
tk-bw-z,BW trainer Kit (Zoroark),TK,27323123-8d64-4a2d-83ce-16adeaf492b8,29,Patrat,,not_listed_on_bulbapedia_index,no_index_match
tk-bw-z,BW trainer Kit (Zoroark),TK,17317f34-96eb-462e-8025-01a0bcded5d1,3,Darkness Energy,,not_listed_on_bulbapedia_index,no_index_match
tk-bw-z,BW trainer Kit (Zoroark),TK,46ddc9d9-e477-49f7-8dc8-09fbb01f29a4,30,Zoroark,,not_listed_on_bulbapedia_index,no_index_match
tk-bw-z,BW trainer Kit (Zoroark),TK,6f579954-1f69-44bc-9fc0-ab2116adc7c9,4,Minccino,,not_listed_on_bulbapedia_index,no_index_match
tk-bw-z,BW trainer Kit (Zoroark),TK,aa4df81e-7fbe-4afe-b0cd-4f7528a3e0ff,5,Darkness Energy,,not_listed_on_bulbapedia_index,no_index_match
tk-bw-z,BW trainer Kit (Zoroark),TK,f25a6039-46e3-4247-a92d-d72fe1713aa0,6,Darkness Energy,,not_listed_on_bulbapedia_index,no_index_match
tk-bw-z,BW trainer Kit (Zoroark),TK,7302b8b6-2f76-4b7e-8de3-cd24550cc97c,7,Darkness Energy,,not_listed_on_bulbapedia_index,no_index_match
tk-bw-z,BW trainer Kit (Zoroark),TK,1174ef7e-7c85-4420-8780-2ed84a676a23,8,Darkness Energy,,not_listed_on_bulbapedia_index,no_index_match
tk-bw-z,BW trainer Kit (Zoroark),TK,234d6e22-5a8e-4d21-8dc2-7c55d73fb552,9,Darkness Energy,,not_listed_on_bulbapedia_index,no_index_match
tk-dp-l,DP trainer Kit (Lucario),TK,8c9b6f77-d9b7-4d8f-90b1-d9956e249723,1,Geodude,,not_listed_on_bulbapedia_index,no_index_match
tk-dp-l,DP trainer Kit (Lucario),TK,8298f5d8-7ae7-4b2e-84db-97a33f971cd4,10,Quick Ball,,not_listed_on_bulbapedia_index,no_index_match
tk-dp-l,DP trainer Kit (Lucario),TK,bc01e98c-cbcd-41d0-9ba9-1637ead8bd45,2,Graveler,,not_listed_on_bulbapedia_index,no_index_match
tk-dp-l,DP trainer Kit (Lucario),TK,a9d02f54-48fa-45ac-b7f1-3dda8f5eaba4,3,Lucario,,not_listed_on_bulbapedia_index,no_index_match
tk-dp-l,DP trainer Kit (Lucario),TK,af63cbf5-d0f9-44dd-a6c9-b497ab40bd0d,4,Machoke,,not_listed_on_bulbapedia_index,no_index_match
tk-dp-l,DP trainer Kit (Lucario),TK,84a25a42-f8ab-40d0-85b5-6e8f36e389bd,5,Machop,,not_listed_on_bulbapedia_index,no_index_match
tk-dp-l,DP trainer Kit (Lucario),TK,3ba1c8b6-3288-495d-9c6e-4a51089bb03b,6,Riolu,,not_listed_on_bulbapedia_index,no_index_match
tk-dp-l,DP trainer Kit (Lucario),TK,985d654c-31c0-4653-9554-c141f7392f46,7,Starly,,not_listed_on_bulbapedia_index,no_index_match
tk-dp-l,DP trainer Kit (Lucario),TK,3a973578-1d94-477b-b225-180c56ae8c2f,8,Energy Search,,not_listed_on_bulbapedia_index,no_index_match
tk-dp-l,DP trainer Kit (Lucario),TK,2f7e6ec9-38b2-4f09-b4b9-eebee577249c,9,Potion,,not_listed_on_bulbapedia_index,no_index_match
tk-dp-l,DP trainer Kit (Lucario),TK,78c53cfe-052d-4ef4-b165-03b89541f24d,11,Fighting Energy,,not_listed_on_bulbapedia_index,no_index_match
tk-dp-m,DP trainer Kit (Manaphy),TK,899b6356-17fd-4431-b239-b3aedb1437d6,12,Water Energy,,not_listed_on_bulbapedia_index,no_index_match
tk-dp-m,DP trainer Kit (Manaphy),TK,f45a1849-ef82-4990-bd4d-291dcf46f782,1,Buizel,,not_listed_on_bulbapedia_index,no_index_match
tk-dp-m,DP trainer Kit (Manaphy),TK,f252dafc-36d8-4319-b73b-d3a540d54b79,10,Energy Search,,not_listed_on_bulbapedia_index,no_index_match
tk-dp-m,DP trainer Kit (Manaphy),TK,d8163fa4-6643-4736-838d-e67533f9c26a,11,Potion,,not_listed_on_bulbapedia_index,no_index_match
tk-dp-m,DP trainer Kit (Manaphy),TK,7f133c59-98e2-4d39-bce4-3aed6db9bf6e,2,Floatzel,,not_listed_on_bulbapedia_index,no_index_match
tk-dp-m,DP trainer Kit (Manaphy),TK,5639eddb-3ea9-43aa-930e-561c816bdee8,3,Goldeen,,not_listed_on_bulbapedia_index,no_index_match
tk-dp-m,DP trainer Kit (Manaphy),TK,6abbfebe-c28d-4bc9-8add-1ff2998c1b47,4,Manaphy,,not_listed_on_bulbapedia_index,no_index_match
tk-dp-m,DP trainer Kit (Manaphy),TK,95d9ac95-03a8-4100-a574-789b5cafa1d4,5,Piplup,,not_listed_on_bulbapedia_index,no_index_match
tk-dp-m,DP trainer Kit (Manaphy),TK,3513882c-16d2-4cc5-99f3-0cad2bcf77cb,6,Prinplup,,not_listed_on_bulbapedia_index,no_index_match
tk-dp-m,DP trainer Kit (Manaphy),TK,df320585-4557-4e21-b647-c3f48dbe27fc,7,Seaking,,not_listed_on_bulbapedia_index,no_index_match
tk-dp-m,DP trainer Kit (Manaphy),TK,2d178632-a701-4067-83dd-1632cb73b657,8,Totodile,,not_listed_on_bulbapedia_index,no_index_match
tk-dp-m,DP trainer Kit (Manaphy),TK,ae2c8f87-4923-4b80-ad48-82f92767b665,9,Dusk Ball,,not_listed_on_bulbapedia_index,no_index_match
tk-ex-latia,EX trainer Kit (Latias),TK,21592864-3e6f-4e98-8eea-993455e19f0c,1,Bagon,,not_listed_on_bulbapedia_index,no_index_match
tk-ex-latia,EX trainer Kit (Latias),TK,fc15e3b1-622e-42f3-a46e-41a05c433771,2,Combusken,,not_listed_on_bulbapedia_index,no_index_match
tk-ex-latia,EX trainer Kit (Latias),TK,269d45de-45f9-4667-bcc6-559cc49c70f7,3,Delcatty,,not_listed_on_bulbapedia_index,no_index_match
tk-ex-latia,EX trainer Kit (Latias),TK,231bad97-4070-4942-8c12-139d1a14e186,4,Latias,,not_listed_on_bulbapedia_index,no_index_match
tk-ex-latia,EX trainer Kit (Latias),TK,826704b6-4d33-4092-9d50-daa70f74c1ae,5,Numel,,not_listed_on_bulbapedia_index,no_index_match
tk-ex-latia,EX trainer Kit (Latias),TK,34ddf849-0054-4021-9d7e-f739a37914f3,6,Skitty,,not_listed_on_bulbapedia_index,no_index_match
tk-ex-latia,EX trainer Kit (Latias),TK,6a34dbd3-42a6-4882-b25f-36e1f352b721,7,Torchic,,not_listed_on_bulbapedia_index,no_index_match
tk-ex-latia,EX trainer Kit (Latias),TK,18eec8ca-1ab0-4dc5-9781-ba5c8dc37747,8,Potion,,not_listed_on_bulbapedia_index,no_index_match
tk-ex-latia,EX trainer Kit (Latias),TK,e5403764-0bc4-4b4f-a923-d304f45c5a25,9,Energy Search,,not_listed_on_bulbapedia_index,no_index_match
tk-ex-latia,EX trainer Kit (Latias),TK,d8fe90e8-091d-4ba5-bc65-b7e1809b1a20,10,Fire Energy,,not_listed_on_bulbapedia_index,no_index_match
tk-ex-latio,EX trainer Kit (Latios),TK,4552ee0a-ba23-4be5-8efb-e9a9ce934b64,10,Lightning Energy,,not_listed_on_bulbapedia_index,no_index_match
tk-ex-latio,EX trainer Kit (Latios),TK,e1cd8246-7122-466a-b107-f5bb727166c4,1,Electrike,,not_listed_on_bulbapedia_index,no_index_match
tk-ex-latio,EX trainer Kit (Latios),TK,9305900e-2638-4f6b-90c4-22e53f4728fb,2,Latios,,not_listed_on_bulbapedia_index,no_index_match
tk-ex-latio,EX trainer Kit (Latios),TK,284c66ce-e844-464a-b5fe-54489103bca5,3,Linoone,,not_listed_on_bulbapedia_index,no_index_match
tk-ex-latio,EX trainer Kit (Latios),TK,5757b403-2fb2-45b1-9b14-b30340560691,4,Magnemite,,not_listed_on_bulbapedia_index,no_index_match
tk-ex-latio,EX trainer Kit (Latios),TK,873f9501-a49b-4df4-90dc-1b21cb7a08df,5,Magneton,,not_listed_on_bulbapedia_index,no_index_match
tk-ex-latio,EX trainer Kit (Latios),TK,a9b48a66-712b-44da-9db4-a6a3feba1253,6,Pikachu,,not_listed_on_bulbapedia_index,no_index_match
tk-ex-latio,EX trainer Kit (Latios),TK,72039ffe-f240-49d3-8b90-92e0ce22da58,7,Zigzagoon,,not_listed_on_bulbapedia_index,no_index_match
tk-ex-latio,EX trainer Kit (Latios),TK,b6badd38-54b4-486b-be65-124f67783829,8,Potion,,not_listed_on_bulbapedia_index,no_index_match
tk-ex-latio,EX trainer Kit (Latios),TK,e9e7645d-ccdc-4585-b068-debbc8e4089a,9,Energy Search,,not_listed_on_bulbapedia_index,no_index_match
tk-ex-m,EX trainer Kit 2 (Minun),TK,32014b91-94d9-403c-b3ba-3b381b96beee,11,Fire Energy,,not_listed_on_bulbapedia_index,no_index_match
tk-ex-m,EX trainer Kit 2 (Minun),TK,b7ecd939-ad1a-4375-a438-fe47cc656d1e,1,Arcanine,,not_listed_on_bulbapedia_index,no_index_match
tk-ex-m,EX trainer Kit 2 (Minun),TK,05876e44-866b-4a13-b1aa-1ebe0a6eb7f0,10,Potion,,not_listed_on_bulbapedia_index,no_index_match
tk-ex-m,EX trainer Kit 2 (Minun),TK,f9d01ef8-5113-4f4e-a78b-f61d3821fdcf,2,Charmander,,not_listed_on_bulbapedia_index,no_index_match
tk-ex-m,EX trainer Kit 2 (Minun),TK,7a7bb75d-3584-4cf4-81f3-e0ce19fde998,3,Charmeleon,,not_listed_on_bulbapedia_index,no_index_match
tk-ex-m,EX trainer Kit 2 (Minun),TK,42c54faf-7b8e-491f-b423-0d90242d5b38,4,Growlithe,,not_listed_on_bulbapedia_index,no_index_match
tk-ex-m,EX trainer Kit 2 (Minun),TK,c6e61f28-2a4b-49fb-92ef-35e8d96b8202,5,Mareep,,not_listed_on_bulbapedia_index,no_index_match
tk-ex-m,EX trainer Kit 2 (Minun),TK,66213815-23ba-439a-bbd3-41260248ecd6,6,Minun,,not_listed_on_bulbapedia_index,no_index_match
tk-ex-m,EX trainer Kit 2 (Minun),TK,3ed168c7-8203-40bb-ae2d-f4a917f25b92,7,Vulpix,,not_listed_on_bulbapedia_index,no_index_match
tk-ex-m,EX trainer Kit 2 (Minun),TK,d98df8c5-061e-4cc3-85bf-e0f662f50475,8,Celio's Network,,not_listed_on_bulbapedia_index,no_index_match
tk-ex-m,EX trainer Kit 2 (Minun),TK,33896f9a-2037-43da-b032-048753e2b700,9,Energy Search,,not_listed_on_bulbapedia_index,no_index_match
tk-ex-m,EX trainer Kit 2 (Minun),TK,1c42002e-17d2-4705-b479-49bde1d8b2e2,12,Lightning Energy,,not_listed_on_bulbapedia_index,no_index_match
tk-ex-p,EX trainer Kit 2 (Plusle),TK,f55687f5-a1d5-447e-9c8e-63f96ad2ee65,12,Psychic Energy,,not_listed_on_bulbapedia_index,no_index_match
tk-ex-p,EX trainer Kit 2 (Plusle),TK,46f9ada5-56dc-4098-ab66-4ffe86bc56c0,1,Beldum,,not_listed_on_bulbapedia_index,no_index_match
tk-ex-p,EX trainer Kit 2 (Plusle),TK,0c6f6d1e-6b04-4e73-b598-9595efca8ef0,10,Professor Cozmo's Discovery,,not_listed_on_bulbapedia_index,no_index_match
tk-ex-p,EX trainer Kit 2 (Plusle),TK,ff8c123f-f2a5-4b06-b334-d64afb1ba0d7,2,Electrike,,not_listed_on_bulbapedia_index,no_index_match
tk-ex-p,EX trainer Kit 2 (Plusle),TK,0d676747-4cd1-4d1a-8dcf-d293f1d8786a,3,Grumpig,,not_listed_on_bulbapedia_index,no_index_match
tk-ex-p,EX trainer Kit 2 (Plusle),TK,cc54b96c-60de-4e61-b664-879c5b95a421,4,Meowth,,not_listed_on_bulbapedia_index,no_index_match
tk-ex-p,EX trainer Kit 2 (Plusle),TK,29b9ceca-25d8-42fb-851e-f637e764e511,5,Metang,,not_listed_on_bulbapedia_index,no_index_match
tk-ex-p,EX trainer Kit 2 (Plusle),TK,fa1de84b-032a-4e8e-9486-8132d6bb7e81,6,Plusle,,not_listed_on_bulbapedia_index,no_index_match
tk-ex-p,EX trainer Kit 2 (Plusle),TK,73b964db-dbf1-4aed-99e4-4abb464f1aeb,7,Spoink,,not_listed_on_bulbapedia_index,no_index_match
tk-ex-p,EX trainer Kit 2 (Plusle),TK,16e898a3-aa41-4a09-8f6d-acb1e6bb8a26,8,Energy Search,,not_listed_on_bulbapedia_index,no_index_match
tk-ex-p,EX trainer Kit 2 (Plusle),TK,e6548034-c6e5-4bea-bc15-3129e62e1bc8,9,Potion,,not_listed_on_bulbapedia_index,no_index_match
tk-ex-p,EX trainer Kit 2 (Plusle),TK,7cb703d9-1469-4256-8e64-fc0e00211f27,11,Lightning Energy,,not_listed_on_bulbapedia_index,no_index_match
tk-hs-g,HS trainer Kit (Gyarados),TK,4f84807d-66ca-47e2-bc79-7d7b48c479db,20,Gyarados,,not_listed_on_bulbapedia_index,no_index_match
tk-hs-r,HS trainer Kit (Raichu),TK,65a2bbd6-b396-441a-a79f-f310a86a582f,19,Raichu,,not_listed_on_bulbapedia_index,no_index_match
tk-sm-l,SM trainer Kit (Lycanroc),TK,ccec06ff-413d-4865-9641-c21a41bcab9f,1,Caterpie,,not_listed_on_bulbapedia_index,no_index_match
tk-sm-l,SM trainer Kit (Lycanroc),TK,9e1f037b-8933-4505-8d61-0498764b612d,4,Trumbeak,,not_listed_on_bulbapedia_index,no_index_match
tk-sm-l,SM trainer Kit (Lycanroc),TK,5942525d-d5c7-4b1a-809b-3943c823c9c7,5,Fighting Energy,,not_listed_on_bulbapedia_index,no_index_match
tk-sm-l,SM trainer Kit (Lycanroc),TK,ec6926de-0020-481a-be47-caa794a0369b,11,Fletchling,,not_listed_on_bulbapedia_index,no_index_match
tk-sm-l,SM trainer Kit (Lycanroc),TK,2382efa2-a300-4055-be0a-f418b3e2a2a5,21,Great Ball,,not_listed_on_bulbapedia_index,no_index_match
tk-sm-l,SM trainer Kit (Lycanroc),TK,c8e83c00-b8df-4a43-8ee9-3c331471176f,14,Rockruff,,not_listed_on_bulbapedia_index,no_index_match
tk-sm-l,SM trainer Kit (Lycanroc),TK,ac02a5e9-2e68-4f51-a66b-39a87fb1594c,19,Hau,,not_listed_on_bulbapedia_index,no_index_match
tk-sm-l,SM trainer Kit (Lycanroc),TK,82b83aad-a02f-4e4b-84c0-a8e2c01c3cc9,27,Big Malasada,,not_listed_on_bulbapedia_index,no_index_match
tk-sm-l,SM trainer Kit (Lycanroc),TK,ee64b058-1666-4cb8-bf3b-b660871c00ae,15,Pikipek,,not_listed_on_bulbapedia_index,no_index_match
tk-sm-l,SM trainer Kit (Lycanroc),TK,180e94f2-10a7-4921-a521-ef6fda3d4ec5,29,Rockruff,,not_listed_on_bulbapedia_index,no_index_match
tk-sm-l,SM trainer Kit (Lycanroc),TK,5f5f67bc-9a20-4cbf-9fa2-d020465be87a,12,Yungoos,,not_listed_on_bulbapedia_index,no_index_match
tk-sm-l,SM trainer Kit (Lycanroc),TK,69fe626f-d625-4b95-adba-7d5d8a2d8dd4,23,Hau,,not_listed_on_bulbapedia_index,no_index_match
tk-sm-l,SM trainer Kit (Lycanroc),TK,7ad2a32b-07ac-4899-a55c-36f891e312ce,13,Fletchinder,,not_listed_on_bulbapedia_index,no_index_match
tk-sm-l,SM trainer Kit (Lycanroc),TK,7b443f41-ef4c-4336-b1ed-69beeb2f31f8,16,Lycanroc,,not_listed_on_bulbapedia_index,no_index_match
tk-sm-l,SM trainer Kit (Lycanroc),TK,23eac036-7b08-4a80-82ce-f09dd84c8ac7,18,Makuhita,,not_listed_on_bulbapedia_index,no_index_match
tk-sm-l,SM trainer Kit (Lycanroc),TK,c57cda61-236d-4979-83b4-5d405b3f742a,22,Toucannon,,not_listed_on_bulbapedia_index,no_index_match
tk-sm-l,SM trainer Kit (Lycanroc),TK,6c583bc5-f7d1-417b-b73b-1223e63dab40,25,Great Ball,,not_listed_on_bulbapedia_index,no_index_match
tk-sm-l,SM trainer Kit (Lycanroc),TK,362ce988-4601-417d-abb5-f323c35c0d82,30,Lycanroc,,not_listed_on_bulbapedia_index,no_index_match
tk-sm-r,SM trainer Kit (Alolan Raichu),TK,4b13bc37-9c44-4ffe-b11d-9532c99cc35f,21,Great Ball,,not_listed_on_bulbapedia_index,no_index_match
tk-sm-r,SM trainer Kit (Alolan Raichu),TK,8c775c7b-2fb8-4ee4-9a75-412749117ba6,23,Hau,,not_listed_on_bulbapedia_index,no_index_match
tk-sm-r,SM trainer Kit (Alolan Raichu),TK,6aebc308-c9e2-4c06-b9cd-6b9f1a5015db,25,Great Ball,,not_listed_on_bulbapedia_index,no_index_match
tk-sm-r,SM trainer Kit (Alolan Raichu),TK,27bff475-47b5-420e-a7ce-2c1fe0417790,6,Golbat,,not_listed_on_bulbapedia_index,no_index_match
tk-sm-r,SM trainer Kit (Alolan Raichu),TK,17569e98-e864-4355-81a1-6821800efc5d,18,Bewear,,not_listed_on_bulbapedia_index,no_index_match
tk-sm-r,SM trainer Kit (Alolan Raichu),TK,3d36b154-01d0-49d6-bb91-a371e630d2c1,22,Drowzee,,not_listed_on_bulbapedia_index,no_index_match
tk-sm-r,SM trainer Kit (Alolan Raichu),TK,7fcb8cd8-1fee-48bf-b3ce-96a48dff5c26,15,Potion,,not_listed_on_bulbapedia_index,no_index_match
tk-sm-r,SM trainer Kit (Alolan Raichu),TK,3846cb2f-3af1-483f-97fc-808e70b13735,16,Grubbin,,not_listed_on_bulbapedia_index,no_index_match
tk-sm-r,SM trainer Kit (Alolan Raichu),TK,1d8c5567-13f1-4c91-831e-c4e82942dce8,17,Alolan Raichu,,not_listed_on_bulbapedia_index,no_index_match
tk-sm-r,SM trainer Kit (Alolan Raichu),TK,c7f16e39-f333-4cfc-9453-d785c5d37203,20,Psychic Energy,,not_listed_on_bulbapedia_index,no_index_match
tk-sm-r,SM trainer Kit (Alolan Raichu),TK,25bb75eb-67db-4b35-bb37-202daadd7de5,2,Lightning Energy,,not_listed_on_bulbapedia_index,no_index_match
tk-sm-r,SM trainer Kit (Alolan Raichu),TK,851cbffb-aaa5-45f3-8b99-ef9f9066f59c,4,Stufful,,not_listed_on_bulbapedia_index,no_index_match
tk-sm-r,SM trainer Kit (Alolan Raichu),TK,c3e79934-ee57-489a-b85f-f74f0cbf2dde,11,Zubat,,not_listed_on_bulbapedia_index,no_index_match
tk-sm-r,SM trainer Kit (Alolan Raichu),TK,a2d77f5c-4a81-4cc8-8f10-b96814f840b8,13,Spearow,,not_listed_on_bulbapedia_index,no_index_match
tk-sm-r,SM trainer Kit (Alolan Raichu),TK,a28054ff-d62c-43a5-9c44-a4f283ee2b0e,14,Pikachu,,not_listed_on_bulbapedia_index,no_index_match
tk-sm-r,SM trainer Kit (Alolan Raichu),TK,fa83db84-355f-4534-8130-d59a8055a058,19,Hau,,not_listed_on_bulbapedia_index,no_index_match
tk-sm-r,SM trainer Kit (Alolan Raichu),TK,0c2d8223-7b37-40ed-8033-4aa306d0aadd,26,Togedemaru,,not_listed_on_bulbapedia_index,no_index_match
tk-sm-r,SM trainer Kit (Alolan Raichu),TK,271ded43-8f9e-43d7-b1f9-8dde381fb008,29,Pikachu,,not_listed_on_bulbapedia_index,no_index_match
tk-sm-r,SM trainer Kit (Alolan Raichu),TK,98689477-d96e-4427-91d8-74091c9ddf89,30,Alolan Raichu,,not_listed_on_bulbapedia_index,no_index_match
tk-xy-b,XY trainer Kit (Bisharp),TK,5c6106f5-d3bd-4dc3-bd09-3eaa9aa48bb7,10,Metal Energy,,not_listed_on_bulbapedia_index,no_index_match
tk-xy-b,XY trainer Kit (Bisharp),TK,5ba38702-4f3e-4968-87c1-e76f8acce8bf,1,Fletchling,,not_listed_on_bulbapedia_index,no_index_match
tk-xy-b,XY trainer Kit (Bisharp),TK,6964ea70-2314-44e9-9fc3-093fd876bdac,11,Honedge,,not_listed_on_bulbapedia_index,no_index_match
tk-xy-b,XY trainer Kit (Bisharp),TK,45a066e0-4a94-4f07-a3cf-f46b202a9a53,12,Bidoof,,not_listed_on_bulbapedia_index,no_index_match
tk-xy-b,XY trainer Kit (Bisharp),TK,42c22b91-7c1e-45ea-bab4-9dc159cd9d59,13,Pawniard,,not_listed_on_bulbapedia_index,no_index_match
tk-xy-b,XY trainer Kit (Bisharp),TK,4be3713e-7357-4b7c-a552-90646a4d2d61,14,Doublade,,not_listed_on_bulbapedia_index,no_index_match
tk-xy-b,XY trainer Kit (Bisharp),TK,cec85262-a605-4a1a-82ec-f25a931a786c,15,Slakoth,,not_listed_on_bulbapedia_index,no_index_match
tk-xy-b,XY trainer Kit (Bisharp),TK,4adc41c9-65d8-473f-8a4c-a1ab68f9af4d,16,Bisharp,,not_listed_on_bulbapedia_index,no_index_match
tk-xy-b,XY trainer Kit (Bisharp),TK,1b84d12c-0235-44f8-817f-8f527a1f4707,17,Patrat,,not_listed_on_bulbapedia_index,no_index_match
tk-xy-b,XY trainer Kit (Bisharp),TK,23236bb8-2ddd-45ba-8c4d-5f84f59f4021,18,Metal Energy,,not_listed_on_bulbapedia_index,no_index_match
tk-xy-b,XY trainer Kit (Bisharp),TK,4bb3661f-0052-4b6f-af91-c8a987991adb,19,Tierno,,not_listed_on_bulbapedia_index,no_index_match
tk-xy-b,XY trainer Kit (Bisharp),TK,06263541-5358-4bb4-98e4-e7f18558f87b,2,Metal Energy,,not_listed_on_bulbapedia_index,no_index_match
tk-xy-b,XY trainer Kit (Bisharp),TK,921842b2-1792-4e7d-b922-9acdcde20a8e,20,Trevor,,not_listed_on_bulbapedia_index,no_index_match
tk-xy-b,XY trainer Kit (Bisharp),TK,f00fe1a6-5822-402a-942b-983c2d40598e,21,Pawniard,,not_listed_on_bulbapedia_index,no_index_match
tk-xy-b,XY trainer Kit (Bisharp),TK,a4c0efc6-4f0f-4987-91f7-9de943072b31,22,Metal Energy,,not_listed_on_bulbapedia_index,no_index_match
tk-xy-b,XY trainer Kit (Bisharp),TK,343cd36e-a855-47b1-b4ce-06031c4e8865,23,Doublade,,not_listed_on_bulbapedia_index,no_index_match
tk-xy-b,XY trainer Kit (Bisharp),TK,280d0932-8694-4e08-adfc-09ba68d85ad5,24,Metal Energy,,not_listed_on_bulbapedia_index,no_index_match
tk-xy-b,XY trainer Kit (Bisharp),TK,bf4f23ae-c340-4c2c-ac8f-f9205912a5b6,25,Potion,,not_listed_on_bulbapedia_index,no_index_match
tk-xy-b,XY trainer Kit (Bisharp),TK,b08ebb8f-6b8f-440a-a7e7-cbed1a56eb8d,26,Slakoth,,not_listed_on_bulbapedia_index,no_index_match
tk-xy-b,XY trainer Kit (Bisharp),TK,67fcb1ab-27f2-4c66-b315-73e4314c8957,27,Honedge,,not_listed_on_bulbapedia_index,no_index_match
tk-xy-b,XY trainer Kit (Bisharp),TK,e5c7917d-cdaf-4388-925e-f34b0544b09c,28,Vigoroth,,not_listed_on_bulbapedia_index,no_index_match
tk-xy-b,XY trainer Kit (Bisharp),TK,a057eb26-edf3-45f9-8446-e59f07470bc8,29,Potion,,not_listed_on_bulbapedia_index,no_index_match
tk-xy-b,XY trainer Kit (Bisharp),TK,7393b018-f89e-4cd4-acf9-722158c0b140,3,Metal Energy,,not_listed_on_bulbapedia_index,no_index_match
tk-xy-b,XY trainer Kit (Bisharp),TK,f5ace261-a3f5-4901-b30b-c1aaf91f90ea,30,Bisharp,,not_listed_on_bulbapedia_index,no_index_match
tk-xy-b,XY trainer Kit (Bisharp),TK,a7d97bbe-6684-436c-966f-a8aec370e507,4,Vigoroth,,not_listed_on_bulbapedia_index,no_index_match
tk-xy-b,XY trainer Kit (Bisharp),TK,d9ac380c-4ad8-4f00-a258-887f4e2382eb,5,Metal Energy,,not_listed_on_bulbapedia_index,no_index_match
tk-xy-b,XY trainer Kit (Bisharp),TK,d7c47079-bdc3-43d9-b52e-8b40fa8f6b8e,6,Metal Energy,,not_listed_on_bulbapedia_index,no_index_match
tk-xy-b,XY trainer Kit (Bisharp),TK,c1184f16-9660-429f-a5a7-31692d215303,7,Metal Energy,,not_listed_on_bulbapedia_index,no_index_match
tk-xy-b,XY trainer Kit (Bisharp),TK,047f5e56-8957-433a-985c-d55c20f86727,8,Metal Energy,,not_listed_on_bulbapedia_index,no_index_match
tk-xy-b,XY trainer Kit (Bisharp),TK,d99447d7-685c-48ff-b1d8-bb6d14ba5c81,9,Metal Energy,,not_listed_on_bulbapedia_index,no_index_match
tk-xy-latia,XY trainer Kit (Latias),TK,719d0274-9adc-426b-80c8-6ef50c9d5920,1,Grass Energy,,not_listed_on_bulbapedia_index,no_index_match
tk-xy-latia,XY trainer Kit (Latias),TK,62691c60-0f23-4a0c-9b7f-a3976b060e95,10,Psychic Energy,,not_listed_on_bulbapedia_index,no_index_match
tk-xy-latia,XY trainer Kit (Latias),TK,815d768e-d1c9-402d-9faa-1ffd64cde89b,11,Lotad,,not_listed_on_bulbapedia_index,no_index_match
tk-xy-latia,XY trainer Kit (Latias),TK,0eb0806e-a350-4777-952d-f04eb890bc01,12,Tangrowth,,not_listed_on_bulbapedia_index,no_index_match
tk-xy-latia,XY trainer Kit (Latias),TK,63280609-09fc-41d2-bb17-0b50e4c38462,13,Tangela,,not_listed_on_bulbapedia_index,no_index_match
tk-xy-latia,XY trainer Kit (Latias),TK,3a6b757d-029e-4ae5-a275-ee9bd4da9c52,14,Latias,,not_listed_on_bulbapedia_index,no_index_match
tk-xy-latia,XY trainer Kit (Latias),TK,9c4a377f-b11b-44f4-ab5e-686d22a11846,15,Potion,,not_listed_on_bulbapedia_index,no_index_match
tk-xy-latia,XY trainer Kit (Latias),TK,7e0e3ecb-6881-4493-83e5-3f83fe7b8b0b,16,Surskit,,not_listed_on_bulbapedia_index,no_index_match
tk-xy-latia,XY trainer Kit (Latias),TK,e4ebcc87-fdc0-4b2c-8197-64175cdf967a,17,Psychic Energy,,not_listed_on_bulbapedia_index,no_index_match
tk-xy-latia,XY trainer Kit (Latias),TK,84269197-5aa7-432c-b884-0116085c4257,18,Grovyle,,not_listed_on_bulbapedia_index,no_index_match
tk-xy-latia,XY trainer Kit (Latias),TK,6e0c98d1-27e9-4c90-b14c-3d49b82f635d,19,Grass Energy,,not_listed_on_bulbapedia_index,no_index_match
tk-xy-latia,XY trainer Kit (Latias),TK,b317a428-09c5-4dba-be2e-3b4354d2eee5,2,Grass Energy,,not_listed_on_bulbapedia_index,no_index_match
tk-xy-latia,XY trainer Kit (Latias),TK,7f180cf6-a222-43ab-914f-7ffbb57bda37,20,Acro Bike,,not_listed_on_bulbapedia_index,no_index_match
tk-xy-latia,XY trainer Kit (Latias),TK,5e0624f5-c2f1-4775-b2a8-5b649d8f442d,21,Lombre,,not_listed_on_bulbapedia_index,no_index_match
tk-xy-latia,XY trainer Kit (Latias),TK,3ff12587-69d5-45a8-85ed-436a4b8f6950,22,Psychic Energy,,not_listed_on_bulbapedia_index,no_index_match
tk-xy-latia,XY trainer Kit (Latias),TK,67b3067f-6642-4888-b59c-17ebd36c352b,23,Lotad,,not_listed_on_bulbapedia_index,no_index_match
tk-xy-latia,XY trainer Kit (Latias),TK,96f55cee-0944-447d-a4e1-f620f1d631aa,24,Treecko,,not_listed_on_bulbapedia_index,no_index_match
tk-xy-latia,XY trainer Kit (Latias),TK,e4e92e15-6498-4ff9-8de5-a1c96a617265,25,Tangrowth,,not_listed_on_bulbapedia_index,no_index_match
tk-xy-latia,XY trainer Kit (Latias),TK,c2816551-8323-4311-93ad-9a767e372cc0,26,Tangela,,not_listed_on_bulbapedia_index,no_index_match
tk-xy-latia,XY trainer Kit (Latias),TK,175f0fc6-fbbe-497c-a659-476483e60a68,27,Grovyle,,not_listed_on_bulbapedia_index,no_index_match
tk-xy-latia,XY trainer Kit (Latias),TK,9456f493-b8b1-4581-8dac-fff1604901c0,28,Psychic Energy,,not_listed_on_bulbapedia_index,no_index_match
tk-xy-latia,XY trainer Kit (Latias),TK,c9e80f2b-4089-4c43-bbe1-867fb058dd2e,29,Acro Bike,,not_listed_on_bulbapedia_index,no_index_match
tk-xy-latia,XY trainer Kit (Latias),TK,5b2f8cee-3336-473d-bd27-120e0e25073e,3,Grass Energy,,not_listed_on_bulbapedia_index,no_index_match
tk-xy-latia,XY trainer Kit (Latias),TK,ab64d660-f399-4450-8812-a6ed10b05cf2,30,Latias,,not_listed_on_bulbapedia_index,no_index_match
tk-xy-latia,XY trainer Kit (Latias),TK,c6ec45dc-6573-47e0-ac24-47026252c2d0,4,Fletchling,,not_listed_on_bulbapedia_index,no_index_match
tk-xy-latia,XY trainer Kit (Latias),TK,a44effbb-b3e3-446a-91d8-8de3e26f7871,5,Grass Energy,,not_listed_on_bulbapedia_index,no_index_match
tk-xy-latia,XY trainer Kit (Latias),TK,516e6f07-6173-46d7-ace9-25a6d9b8f4ce,6,Lombre,,not_listed_on_bulbapedia_index,no_index_match
tk-xy-latia,XY trainer Kit (Latias),TK,2c5d7aed-0cf0-4f08-a07f-c78eac81f377,7,Treecko,,not_listed_on_bulbapedia_index,no_index_match
tk-xy-latia,XY trainer Kit (Latias),TK,f3033d53-c380-4cd4-a612-1aed75427ac1,8,Psychic Energy,,not_listed_on_bulbapedia_index,no_index_match
tk-xy-latia,XY trainer Kit (Latias),TK,ec88041a-a641-4d5a-be2a-571c0605a817,9,Psychic Energy,,not_listed_on_bulbapedia_index,no_index_match
tk-xy-latio,XY trainer Kit (Latios),TK,f935bf21-d5d7-438c-ae44-52f522d2981e,1,Skitty,,not_listed_on_bulbapedia_index,no_index_match
tk-xy-latio,XY trainer Kit (Latios),TK,64c53e63-3292-4ad6-8a8c-38acd7dba36f,10,Fighting Energy,,not_listed_on_bulbapedia_index,no_index_match
tk-xy-latio,XY trainer Kit (Latios),TK,597ecb85-24c0-4806-b043-446aafbd2678,11,Machop,,not_listed_on_bulbapedia_index,no_index_match
tk-xy-latio,XY trainer Kit (Latios),TK,da025412-3a4a-4b52-a9c8-77096433987f,12,Solrock,,not_listed_on_bulbapedia_index,no_index_match
tk-xy-latio,XY trainer Kit (Latios),TK,9672ff6c-a5cd-4a04-8b29-e5c23981c9c9,13,Latios,,not_listed_on_bulbapedia_index,no_index_match
tk-xy-latio,XY trainer Kit (Latios),TK,58ab55ff-d496-4e4b-8c24-68546f496b7a,14,Machoke,,not_listed_on_bulbapedia_index,no_index_match
tk-xy-latio,XY trainer Kit (Latios),TK,a4eb9926-5a29-46b3-8dfe-761e0f9ef5e2,15,Rhyhorn,,not_listed_on_bulbapedia_index,no_index_match
tk-xy-latio,XY trainer Kit (Latios),TK,6cc8c8ed-75c2-4c70-af86-f63a078ba786,16,Psychic Energy,,not_listed_on_bulbapedia_index,no_index_match
tk-xy-latio,XY trainer Kit (Latios),TK,18a52af4-e23c-4a68-b3d1-1a55afc2c3ec,17,Fighting Energy,,not_listed_on_bulbapedia_index,no_index_match
tk-xy-latio,XY trainer Kit (Latios),TK,a6c2a734-8d45-4ab2-b820-eb305f6cf754,18,Psychic Energy,,not_listed_on_bulbapedia_index,no_index_match
tk-xy-latio,XY trainer Kit (Latios),TK,43644e16-e426-4697-875d-d180d2237886,19,Delcatty,,not_listed_on_bulbapedia_index,no_index_match
tk-xy-latio,XY trainer Kit (Latios),TK,dbd54ac2-34ff-41e1-8916-6bfc4051c762,2,Fighting Energy,,not_listed_on_bulbapedia_index,no_index_match
tk-xy-latio,XY trainer Kit (Latios),TK,ebdf6cca-dcb4-497f-ba8d-8eab24088d17,20,Acro Bike,,not_listed_on_bulbapedia_index,no_index_match
tk-xy-latio,XY trainer Kit (Latios),TK,b14cd901-f7eb-4ecf-b270-add7826c9613,21,Potion,,not_listed_on_bulbapedia_index,no_index_match
tk-xy-latio,XY trainer Kit (Latios),TK,9393dd7a-4a7b-47d8-8f8d-79df18effc7d,22,Machoke,,not_listed_on_bulbapedia_index,no_index_match
tk-xy-latio,XY trainer Kit (Latios),TK,72698cb3-1d36-4a26-b6f9-d27919f2c0f7,23,Rhyhorn,,not_listed_on_bulbapedia_index,no_index_match
tk-xy-latio,XY trainer Kit (Latios),TK,d636248a-55f8-497f-a352-543719aa8b78,24,Delcatty,,not_listed_on_bulbapedia_index,no_index_match
tk-xy-latio,XY trainer Kit (Latios),TK,8a3a4fab-ea5e-43c9-8714-fef21f54f91b,25,Rhydon,,not_listed_on_bulbapedia_index,no_index_match
tk-xy-latio,XY trainer Kit (Latios),TK,b8ee4b79-26bc-4503-bb0d-17da417c12bc,26,Solrock,,not_listed_on_bulbapedia_index,no_index_match
tk-xy-latio,XY trainer Kit (Latios),TK,8467c427-35cd-4114-ad4f-ed02cef40221,27,Skitty,,not_listed_on_bulbapedia_index,no_index_match
tk-xy-latio,XY trainer Kit (Latios),TK,25b5c70d-779f-477e-bed7-6e5e6ad0a869,28,Machop,,not_listed_on_bulbapedia_index,no_index_match
tk-xy-latio,XY trainer Kit (Latios),TK,93c881e0-cf68-4256-a160-e8fb70867009,29,Psychic Energy,,not_listed_on_bulbapedia_index,no_index_match
tk-xy-latio,XY trainer Kit (Latios),TK,773eed60-4e49-4fe1-871d-70c31d4dda4e,3,Fighting Energy,,not_listed_on_bulbapedia_index,no_index_match
tk-xy-latio,XY trainer Kit (Latios),TK,c33bcef4-9291-4a3d-a0e1-b7a6aa827dfc,30,Latios,,not_listed_on_bulbapedia_index,no_index_match
tk-xy-latio,XY trainer Kit (Latios),TK,a2559fd7-e224-41a4-9e33-55284c1e54c2,4,Rhydon,,not_listed_on_bulbapedia_index,no_index_match
tk-xy-latio,XY trainer Kit (Latios),TK,8a2532d9-7b32-4ae5-899d-3a72ce425604,5,Fighting Energy,,not_listed_on_bulbapedia_index,no_index_match
tk-xy-latio,XY trainer Kit (Latios),TK,736903ee-ded4-4934-b7fe-2c15d283b6e3,6,Fighting Energy,,not_listed_on_bulbapedia_index,no_index_match
tk-xy-latio,XY trainer Kit (Latios),TK,4d1bcf7d-1e0c-4ecb-9b7c-3b9a9ee0fc03,7,Fighting Energy,,not_listed_on_bulbapedia_index,no_index_match
tk-xy-latio,XY trainer Kit (Latios),TK,3cc1fd8e-b6e6-4abc-819a-609f9da44f5e,8,Fighting Energy,,not_listed_on_bulbapedia_index,no_index_match
tk-xy-latio,XY trainer Kit (Latios),TK,724fd58a-1789-473b-8325-dc411e768b7e,9,Fighting Energy,,not_listed_on_bulbapedia_index,no_index_match
tk-xy-n,XY trainer Kit (Noivern),TK,e9a906d7-a711-4bea-8e9b-1d36951a08c7,1,Spoink,,not_listed_on_bulbapedia_index,no_index_match
tk-xy-n,XY trainer Kit (Noivern),TK,58e3549f-86f0-4a2e-98eb-8c12dffbec76,10,Psychic Energy,,not_listed_on_bulbapedia_index,no_index_match
tk-xy-n,XY trainer Kit (Noivern),TK,f48decf8-d7d2-4093-8fca-6928a9f9e98c,11,Pumpkaboo,,not_listed_on_bulbapedia_index,no_index_match
tk-xy-n,XY trainer Kit (Noivern),TK,08073c03-d4ea-46f9-80b4-a30b91e2e03d,12,Noibat,,not_listed_on_bulbapedia_index,no_index_match
tk-xy-n,XY trainer Kit (Noivern),TK,23e5f8b6-74e4-4b6f-a6e2-32cee5294124,13,Noivern,,not_listed_on_bulbapedia_index,no_index_match
tk-xy-n,XY trainer Kit (Noivern),TK,7976010d-98da-4116-9d80-139da9f11ad8,14,Pokémon Catcher,,not_listed_on_bulbapedia_index,no_index_match
tk-xy-n,XY trainer Kit (Noivern),TK,96d99863-90ce-42a0-a01b-c028fc53e4a2,15,Potion,,not_listed_on_bulbapedia_index,no_index_match
tk-xy-n,XY trainer Kit (Noivern),TK,766e8bea-f968-4d00-be9a-b58f8f0f2806,16,Ekans,,not_listed_on_bulbapedia_index,no_index_match
tk-xy-n,XY trainer Kit (Noivern),TK,98ab090a-f13e-417e-8ff7-663dd9b6739c,17,Psychic Energy,,not_listed_on_bulbapedia_index,no_index_match
tk-xy-n,XY trainer Kit (Noivern),TK,f4585c4b-09c0-4ca3-8508-9c137ed826c6,18,Pumpkaboo,,not_listed_on_bulbapedia_index,no_index_match
tk-xy-n,XY trainer Kit (Noivern),TK,de9650ed-7c5c-4b52-a894-2965b7aa45cd,19,Darkness Energy,,not_listed_on_bulbapedia_index,no_index_match
tk-xy-n,XY trainer Kit (Noivern),TK,dad5fb36-2394-47eb-a518-2451dbb5e0e9,2,Gourgeist,,not_listed_on_bulbapedia_index,no_index_match
tk-xy-n,XY trainer Kit (Noivern),TK,8ca8b578-69d8-4603-912f-499587088e7a,20,Furfrou,,not_listed_on_bulbapedia_index,no_index_match
tk-xy-n,XY trainer Kit (Noivern),TK,fe8d6e97-397c-402d-837e-a9131f5b22c2,21,Poké Ball,,not_listed_on_bulbapedia_index,no_index_match
tk-xy-n,XY trainer Kit (Noivern),TK,2922c29e-db5a-473d-8afb-d0019b2fcf74,22,Darkness Energy,,not_listed_on_bulbapedia_index,no_index_match
tk-xy-n,XY trainer Kit (Noivern),TK,9836964d-06ee-4d4b-a56a-dfb8c3b0f930,23,Noibat,,not_listed_on_bulbapedia_index,no_index_match
tk-xy-n,XY trainer Kit (Noivern),TK,fae987d5-4761-4853-a482-e4dff7bdbda0,24,Professor’s Letter,,not_listed_on_bulbapedia_index,no_index_match
tk-xy-n,XY trainer Kit (Noivern),TK,ce46aa49-eced-4ed9-b09d-dd3e012e5d31,25,Psychic Energy,,not_listed_on_bulbapedia_index,no_index_match
tk-xy-n,XY trainer Kit (Noivern),TK,54ed9c16-5f2f-4b9f-8dcc-206c1233189f,26,Darkness Energy,,not_listed_on_bulbapedia_index,no_index_match
tk-xy-n,XY trainer Kit (Noivern),TK,683991ea-d4c0-403e-ada0-039f4239cc4e,27,Potion,,not_listed_on_bulbapedia_index,no_index_match
tk-xy-n,XY trainer Kit (Noivern),TK,ff82a020-b14b-485f-865c-1a81c4f4fc97,28,Darkness Energy,,not_listed_on_bulbapedia_index,no_index_match
tk-xy-n,XY trainer Kit (Noivern),TK,4329ccf6-9abb-4ed9-8f32-d09ebacf3215,29,Switch,,not_listed_on_bulbapedia_index,no_index_match
tk-xy-n,XY trainer Kit (Noivern),TK,73c41bc2-b2ae-4f1a-964b-47e0465adf7d,3,Arbok,,not_listed_on_bulbapedia_index,no_index_match
tk-xy-n,XY trainer Kit (Noivern),TK,4c81e7c8-110c-4305-a731-5a8e978f28a9,30,Noivern,,not_listed_on_bulbapedia_index,no_index_match
tk-xy-n,XY trainer Kit (Noivern),TK,13e82f43-754d-4e49-b09c-ee67f7136513,4,Bunnelby,,not_listed_on_bulbapedia_index,no_index_match
tk-xy-n,XY trainer Kit (Noivern),TK,b83233f4-5c30-4635-97f5-a56afcadd51f,5,Psychic Energy,,not_listed_on_bulbapedia_index,no_index_match
tk-xy-n,XY trainer Kit (Noivern),TK,6f635875-c4d9-43fd-ad5f-06d86dad4db2,6,Psychic Energy,,not_listed_on_bulbapedia_index,no_index_match
tk-xy-n,XY trainer Kit (Noivern),TK,8e8ff784-7d80-45da-bcf9-bde0076f02ce,7,Psychic Energy,,not_listed_on_bulbapedia_index,no_index_match
tk-xy-n,XY trainer Kit (Noivern),TK,f43278d1-90c9-4771-9b09-e3a777dfa632,8,Psychic Energy,,not_listed_on_bulbapedia_index,no_index_match
tk-xy-n,XY trainer Kit (Noivern),TK,0c6ae239-53a1-45db-8673-0ce575b1e1a9,9,Psychic Energy,,not_listed_on_bulbapedia_index,no_index_match
tk-xy-p,XY trainer Kit (Pikachu Libre),TK,3b0f578e-8702-4c09-9bc5-13b971b25a5f,1,Glameow,,not_listed_on_bulbapedia_index,no_index_match
tk-xy-p,XY trainer Kit (Pikachu Libre),TK,5e675666-d25c-4721-93cc-10a9db933037,10,Lightning Energy,,not_listed_on_bulbapedia_index,no_index_match
tk-xy-p,XY trainer Kit (Pikachu Libre),TK,3db6cae5-7673-4f1c-b554-72a1afc03e0f,11,Electrike,,not_listed_on_bulbapedia_index,no_index_match
tk-xy-p,XY trainer Kit (Pikachu Libre),TK,359c29a6-da31-4f04-9e6d-b21ec94fdb14,12,Blitzle,,not_listed_on_bulbapedia_index,no_index_match
tk-xy-p,XY trainer Kit (Pikachu Libre),TK,7a4c1ea2-3ecf-46b0-8f28-e6c8182c6ad7,13,Manectric,,not_listed_on_bulbapedia_index,no_index_match
tk-xy-p,XY trainer Kit (Pikachu Libre),TK,05c5a29e-5e37-4212-8a7a-6aa851d338f0,14,Pikachu Libre,,not_listed_on_bulbapedia_index,no_index_match
tk-xy-p,XY trainer Kit (Pikachu Libre),TK,dfa538ff-6d55-4423-92b4-3e8d068b7f1c,15,Electabuzz,,not_listed_on_bulbapedia_index,no_index_match
tk-xy-p,XY trainer Kit (Pikachu Libre),TK,bb2479ab-2366-4d33-a0a6-111d78d3abb6,16,Fletchling,,not_listed_on_bulbapedia_index,no_index_match
tk-xy-p,XY trainer Kit (Pikachu Libre),TK,27484e6e-f412-4e67-b848-9993fedd17cc,17,Lightning Energy,,not_listed_on_bulbapedia_index,no_index_match
tk-xy-p,XY trainer Kit (Pikachu Libre),TK,d28f8bdb-a989-4340-a15a-bec6b07ee8a1,18,Lightning Energy,,not_listed_on_bulbapedia_index,no_index_match
tk-xy-p,XY trainer Kit (Pikachu Libre),TK,37b7768b-cf59-4460-b9c9-c2c3c741c9f0,19,Purugly,,not_listed_on_bulbapedia_index,no_index_match
tk-xy-p,XY trainer Kit (Pikachu Libre),TK,6e98ef25-58b5-4642-9509-1a527a45a08d,2,Lightning Energy,,not_listed_on_bulbapedia_index,no_index_match
tk-xy-p,XY trainer Kit (Pikachu Libre),TK,53e8154b-6035-49e5-8b1f-4cc531d9caab,20,Tierno,,not_listed_on_bulbapedia_index,no_index_match
tk-xy-p,XY trainer Kit (Pikachu Libre),TK,bfbbb9f4-a80e-4cb9-a9b1-48cd03e2fc47,21,Potion,,not_listed_on_bulbapedia_index,no_index_match
tk-xy-p,XY trainer Kit (Pikachu Libre),TK,5042fa2c-6df7-4840-b7dc-9d8acfcc308f,22,Manectric,,not_listed_on_bulbapedia_index,no_index_match
tk-xy-p,XY trainer Kit (Pikachu Libre),TK,8a32ff5c-0c7f-4abf-8db9-8c94416541ad,23,Electabuzz,,not_listed_on_bulbapedia_index,no_index_match
tk-xy-p,XY trainer Kit (Pikachu Libre),TK,368c707b-9236-4e7b-b531-67e48f66c092,24,Purugly,,not_listed_on_bulbapedia_index,no_index_match
tk-xy-p,XY trainer Kit (Pikachu Libre),TK,80915ddd-091a-4c19-ad7e-6825f31f6e62,25,Electivire,,not_listed_on_bulbapedia_index,no_index_match
tk-xy-p,XY trainer Kit (Pikachu Libre),TK,719e89c8-e623-4b86-b1d9-c55a32caac22,26,Blitzle,,not_listed_on_bulbapedia_index,no_index_match
tk-xy-p,XY trainer Kit (Pikachu Libre),TK,22709c0c-a1d8-4851-843b-1bf9f047f1bb,27,Glameow,,not_listed_on_bulbapedia_index,no_index_match
tk-xy-p,XY trainer Kit (Pikachu Libre),TK,952cf8f3-5a89-4740-942c-a2881c1637a8,28,Electrike,,not_listed_on_bulbapedia_index,no_index_match
tk-xy-p,XY trainer Kit (Pikachu Libre),TK,1451c2b9-a333-44f3-8306-dc6613d135fc,29,Lightning Energy,,not_listed_on_bulbapedia_index,no_index_match
tk-xy-p,XY trainer Kit (Pikachu Libre),TK,7845705f-e67b-4eab-b073-6ac180d614af,3,Lightning Energy,,not_listed_on_bulbapedia_index,no_index_match
tk-xy-p,XY trainer Kit (Pikachu Libre),TK,20737606-d498-4d9e-bef2-59d0ee55eb8d,30,Pikachu Libre,,not_listed_on_bulbapedia_index,no_index_match
tk-xy-p,XY trainer Kit (Pikachu Libre),TK,b5d6dd99-449a-4b4a-804b-d6a662cc3b72,4,Electivire,,not_listed_on_bulbapedia_index,no_index_match
tk-xy-p,XY trainer Kit (Pikachu Libre),TK,ffcb69e8-7de8-4afc-9e15-3d70f6805dd2,5,Lightning Energy,,not_listed_on_bulbapedia_index,no_index_match
tk-xy-p,XY trainer Kit (Pikachu Libre),TK,a6a11303-918e-4f6a-a6b0-e3441ed84860,6,Lightning Energy,,not_listed_on_bulbapedia_index,no_index_match
tk-xy-p,XY trainer Kit (Pikachu Libre),TK,249a2929-177a-402a-978d-ea0b1d2e16fa,7,Taillow,,not_listed_on_bulbapedia_index,no_index_match
tk-xy-p,XY trainer Kit (Pikachu Libre),TK,f22fa2da-1f5c-4b68-b2b0-2344ca2c865a,8,Lightning Energy,,not_listed_on_bulbapedia_index,no_index_match
tk-xy-p,XY trainer Kit (Pikachu Libre),TK,b8206fc2-6060-4f53-afa2-1969b4508404,9,Lightning Energy,,not_listed_on_bulbapedia_index,no_index_match
tk-xy-su,XY trainer Kit (Suicune),TK,aaa30f9a-b1c2-4462-868b-7922236daa43,1,Water Energy,,not_listed_on_bulbapedia_index,no_index_match
tk-xy-su,XY trainer Kit (Suicune),TK,bc0e1021-0285-4d51-b5bb-7e663d22955b,10,Water Energy,,not_listed_on_bulbapedia_index,no_index_match
tk-xy-su,XY trainer Kit (Suicune),TK,022ef182-e39b-4a44-8066-570b84cf4706,11,Froakie,,not_listed_on_bulbapedia_index,no_index_match
tk-xy-su,XY trainer Kit (Suicune),TK,cc6af2c3-0041-4216-8908-a717d229e2bc,12,Seaking,,not_listed_on_bulbapedia_index,no_index_match
tk-xy-su,XY trainer Kit (Suicune),TK,6e1c9b2c-86c6-4076-9794-adffa1a902d2,13,Goldeen,,not_listed_on_bulbapedia_index,no_index_match
tk-xy-su,XY trainer Kit (Suicune),TK,0600c082-e03b-4a34-9784-8a5557b9610c,14,Suicune,,not_listed_on_bulbapedia_index,no_index_match
tk-xy-su,XY trainer Kit (Suicune),TK,f366db52-a696-4947-aa7c-47e1424493a5,15,Potion,,not_listed_on_bulbapedia_index,no_index_match
tk-xy-su,XY trainer Kit (Suicune),TK,13f2553c-cddf-4ef8-b00d-6bd4b957a582,16,Piplup,,not_listed_on_bulbapedia_index,no_index_match
tk-xy-su,XY trainer Kit (Suicune),TK,e0962b7d-c705-4df3-95f2-6ae0a3a43d3d,17,Water Energy,,not_listed_on_bulbapedia_index,no_index_match
tk-xy-su,XY trainer Kit (Suicune),TK,24b3cf25-0748-4564-8b9e-b7a0f0ed36dc,18,Swanna,,not_listed_on_bulbapedia_index,no_index_match
tk-xy-su,XY trainer Kit (Suicune),TK,4ad73605-18f0-4be1-ab5a-ab61e58081cb,19,Water Energy,,not_listed_on_bulbapedia_index,no_index_match
tk-xy-su,XY trainer Kit (Suicune),TK,bd559fba-bc72-4db8-b391-ca86a112012c,2,Water Energy,,not_listed_on_bulbapedia_index,no_index_match
tk-xy-su,XY trainer Kit (Suicune),TK,5688cc21-de54-4f29-805d-5ca49d495f9a,20,Tierno,,not_listed_on_bulbapedia_index,no_index_match
tk-xy-su,XY trainer Kit (Suicune),TK,286dafc0-f2e1-4e9b-bf40-15595331c079,21,Frogadier,,not_listed_on_bulbapedia_index,no_index_match
tk-xy-su,XY trainer Kit (Suicune),TK,6168fd72-30a7-4a1a-8304-be758d7ffbf1,22,Water Energy,,not_listed_on_bulbapedia_index,no_index_match
tk-xy-su,XY trainer Kit (Suicune),TK,2c9d0bbe-41ff-4684-8f34-800aaff2f6fd,23,Froakie,,not_listed_on_bulbapedia_index,no_index_match
tk-xy-su,XY trainer Kit (Suicune),TK,1a72d7ea-f962-43bd-88e5-c9b89c9177c2,24,Ducklett,,not_listed_on_bulbapedia_index,no_index_match
tk-xy-su,XY trainer Kit (Suicune),TK,6f5e60c7-8f23-4f74-81d2-ccff8611d060,25,Seaking,,not_listed_on_bulbapedia_index,no_index_match
tk-xy-su,XY trainer Kit (Suicune),TK,b2568328-552b-4ea8-b97c-e82920b4c9db,26,Goldeen,,not_listed_on_bulbapedia_index,no_index_match
tk-xy-su,XY trainer Kit (Suicune),TK,7a1165d3-e03c-42e9-b77b-4473ca3b0bbd,27,Swanna,,not_listed_on_bulbapedia_index,no_index_match
tk-xy-su,XY trainer Kit (Suicune),TK,f7cd1a3e-be75-444a-9141-50bf1a9c4327,28,Water Energy,,not_listed_on_bulbapedia_index,no_index_match
tk-xy-su,XY trainer Kit (Suicune),TK,d1e70fa6-19ec-454a-8923-ca6adf1c6ebb,29,Tierno,,not_listed_on_bulbapedia_index,no_index_match
tk-xy-su,XY trainer Kit (Suicune),TK,df8ac201-10d4-49df-bf1f-ba334d40280a,3,Water Energy,,not_listed_on_bulbapedia_index,no_index_match
tk-xy-su,XY trainer Kit (Suicune),TK,1cf82d5e-1696-4837-8b77-f509fafa8142,30,Suicune,,not_listed_on_bulbapedia_index,no_index_match
tk-xy-su,XY trainer Kit (Suicune),TK,c3826c14-25da-46d9-a0b6-ec417cc68e02,4,Eevee,,not_listed_on_bulbapedia_index,no_index_match
tk-xy-su,XY trainer Kit (Suicune),TK,b1896cc6-f23b-49b6-a782-c44e80666be5,5,Water Energy,,not_listed_on_bulbapedia_index,no_index_match
tk-xy-su,XY trainer Kit (Suicune),TK,aa302f2c-dff5-4c09-8f3e-f15e165cdcee,6,Frogadier,,not_listed_on_bulbapedia_index,no_index_match
tk-xy-su,XY trainer Kit (Suicune),TK,f08d8ae7-a058-4b83-ac10-8587d302e1be,7,Ducklett,,not_listed_on_bulbapedia_index,no_index_match
tk-xy-su,XY trainer Kit (Suicune),TK,bf5cd6e0-f20d-40c2-a41b-de0cbf52a65f,8,Water Energy,,not_listed_on_bulbapedia_index,no_index_match
tk-xy-su,XY trainer Kit (Suicune),TK,9870ecd8-0eef-4ca7-b54e-d4db621af77f,9,Water Energy,,not_listed_on_bulbapedia_index,no_index_match
tk-xy-sy,XY trainer Kit (Sylveon),TK,9f3cce82-d9f4-4376-a34b-fd048c5b1589,1,Fletchling,,not_listed_on_bulbapedia_index,no_index_match
tk-xy-sy,XY trainer Kit (Sylveon),TK,f235ca4e-cd1f-4855-b4da-acfdead59ceb,10,Fairy Energy,,not_listed_on_bulbapedia_index,no_index_match
tk-xy-sy,XY trainer Kit (Sylveon),TK,0cb0a40e-e24f-41ff-bac9-e9dfe36e4006,11,Snubbull,,not_listed_on_bulbapedia_index,no_index_match
tk-xy-sy,XY trainer Kit (Sylveon),TK,6eefdb17-9472-492c-8622-019d79ff7aa8,12,Fairy Energy,,not_listed_on_bulbapedia_index,no_index_match
tk-xy-sy,XY trainer Kit (Sylveon),TK,fa210461-b51d-4c85-a4c3-a33618113e9d,13,Eevee,,not_listed_on_bulbapedia_index,no_index_match
tk-xy-sy,XY trainer Kit (Sylveon),TK,cc77a0c4-4480-4155-aaeb-9fbf53b7c155,14,Granbull,,not_listed_on_bulbapedia_index,no_index_match
tk-xy-sy,XY trainer Kit (Sylveon),TK,1e7f1ca3-0371-465c-8d24-e0dbbad56baf,15,Sylveon,,not_listed_on_bulbapedia_index,no_index_match
tk-xy-sy,XY trainer Kit (Sylveon),TK,15de1a29-92af-42b0-b044-b7479c0114dc,16,Furfrou,,not_listed_on_bulbapedia_index,no_index_match
tk-xy-sy,XY trainer Kit (Sylveon),TK,2bf22960-a717-44fc-a871-dd5f77e6a174,17,Fairy Energy,,not_listed_on_bulbapedia_index,no_index_match
tk-xy-sy,XY trainer Kit (Sylveon),TK,fb1f4c4f-1cea-4196-93b1-30c65bbc14a6,18,Fairy Energy,,not_listed_on_bulbapedia_index,no_index_match
tk-xy-sy,XY trainer Kit (Sylveon),TK,742a70ae-534d-4a5d-899a-9859396d6ffe,19,Fletchling,,not_listed_on_bulbapedia_index,no_index_match
tk-xy-sy,XY trainer Kit (Sylveon),TK,2f7c3104-921c-4184-893a-521bc7bc771e,2,Fairy Energy,,not_listed_on_bulbapedia_index,no_index_match
tk-xy-sy,XY trainer Kit (Sylveon),TK,cb6d083b-8f27-420d-a921-eb05daf2896e,20,Potion,,not_listed_on_bulbapedia_index,no_index_match
tk-xy-sy,XY trainer Kit (Sylveon),TK,7542451b-8629-4431-abf2-9eeb3813704d,21,Eevee,,not_listed_on_bulbapedia_index,no_index_match
tk-xy-sy,XY trainer Kit (Sylveon),TK,17ae92a0-6878-42c1-9232-3a1a5b290a12,22,Furfrou,,not_listed_on_bulbapedia_index,no_index_match
tk-xy-sy,XY trainer Kit (Sylveon),TK,05ce551e-da1e-4715-86b1-cefb2ccee748,23,Pokémon Catcher,,not_listed_on_bulbapedia_index,no_index_match
tk-xy-sy,XY trainer Kit (Sylveon),TK,644120e1-eb06-4c34-8cb0-f487b9d87018,24,Potion,,not_listed_on_bulbapedia_index,no_index_match
tk-xy-sy,XY trainer Kit (Sylveon),TK,3aee8188-4f3d-458c-8fd1-f66f1e8ef35b,25,Fairy Energy,,not_listed_on_bulbapedia_index,no_index_match
tk-xy-sy,XY trainer Kit (Sylveon),TK,e478c5e0-4c47-4148-8d97-d9eff36dd352,26,Poké Ball,,not_listed_on_bulbapedia_index,no_index_match
tk-xy-sy,XY trainer Kit (Sylveon),TK,b0c09652-f2c4-4afa-9e05-52b255aa805c,27,Snubbull,,not_listed_on_bulbapedia_index,no_index_match
tk-xy-sy,XY trainer Kit (Sylveon),TK,d11a62c7-d8e6-4342-a531-d59bf01fc984,28,Professor’s Letter,,not_listed_on_bulbapedia_index,no_index_match
tk-xy-sy,XY trainer Kit (Sylveon),TK,78b8081c-a408-48ca-a2eb-17fe96b58f1d,29,Granbull,,not_listed_on_bulbapedia_index,no_index_match
tk-xy-sy,XY trainer Kit (Sylveon),TK,eb035ec1-4349-4091-bc97-e8c8304daf7a,3,Fairy Energy,,not_listed_on_bulbapedia_index,no_index_match
tk-xy-sy,XY trainer Kit (Sylveon),TK,ec4a3acc-18e1-4785-bb6e-96273454d4cf,30,Sylveon,,not_listed_on_bulbapedia_index,no_index_match
tk-xy-sy,XY trainer Kit (Sylveon),TK,9f5c3126-7039-4301-8876-402ebe2828de,4,Switch,,not_listed_on_bulbapedia_index,no_index_match
tk-xy-sy,XY trainer Kit (Sylveon),TK,714c588b-6d05-40c2-8994-566aec2c4ec9,5,Fairy Energy,,not_listed_on_bulbapedia_index,no_index_match
tk-xy-sy,XY trainer Kit (Sylveon),TK,fdad37e1-7680-432d-aed7-0fa643fe4204,6,Fairy Energy,,not_listed_on_bulbapedia_index,no_index_match
tk-xy-sy,XY trainer Kit (Sylveon),TK,498c80a9-3d02-4557-9182-e622c0c44f06,7,Fairy Energy,,not_listed_on_bulbapedia_index,no_index_match
tk-xy-sy,XY trainer Kit (Sylveon),TK,861b7476-a887-4b66-a105-7a3f43509e3d,8,Fairy Energy,,not_listed_on_bulbapedia_index,no_index_match
tk-xy-sy,XY trainer Kit (Sylveon),TK,8099a7d1-0730-46ca-b0b2-885957478450,9,Fairy Energy,,not_listed_on_bulbapedia_index,no_index_match
tk-xy-w,XY trainer Kit (Wigglytuff),TK,94d69c51-eb42-4f77-820d-b482073d3aac,1,Swirlix,,not_listed_on_bulbapedia_index,no_index_match
tk-xy-w,XY trainer Kit (Wigglytuff),TK,7702b445-8de9-4cf1-a734-59c6f2684707,10,Fairy Energy,,not_listed_on_bulbapedia_index,no_index_match
tk-xy-w,XY trainer Kit (Wigglytuff),TK,3aece28a-965b-4a01-9b3a-e602bab0c203,11,Pidgey,,not_listed_on_bulbapedia_index,no_index_match
tk-xy-w,XY trainer Kit (Wigglytuff),TK,3fbc7d4d-1f09-4a58-a8f9-e5f74a0c4ce1,12,Jigglypuff,,not_listed_on_bulbapedia_index,no_index_match
tk-xy-w,XY trainer Kit (Wigglytuff),TK,57181e36-48da-4397-8176-260bbfba3e3b,13,Clefairy,,not_listed_on_bulbapedia_index,no_index_match
tk-xy-w,XY trainer Kit (Wigglytuff),TK,cddcd2da-1234-451e-bdae-e93cfb27fe7e,14,Wigglytuff,,not_listed_on_bulbapedia_index,no_index_match
tk-xy-w,XY trainer Kit (Wigglytuff),TK,0bc1e29e-47e4-4adb-907e-c68e19c5ed30,15,Potion,,not_listed_on_bulbapedia_index,no_index_match
tk-xy-w,XY trainer Kit (Wigglytuff),TK,dae5e179-3055-4594-9a99-1b5b40ac1167,16,Clefable,,not_listed_on_bulbapedia_index,no_index_match
tk-xy-w,XY trainer Kit (Wigglytuff),TK,46bedcd6-8e9c-4647-a44e-3e34d293b616,17,Fairy Energy,,not_listed_on_bulbapedia_index,no_index_match
tk-xy-w,XY trainer Kit (Wigglytuff),TK,934946b6-25ad-4d9f-bb76-61b46603ce64,18,Swirlix,,not_listed_on_bulbapedia_index,no_index_match
tk-xy-w,XY trainer Kit (Wigglytuff),TK,9ee3d4ba-b688-4719-876b-7510e3d7fdaf,19,Clefairy,,not_listed_on_bulbapedia_index,no_index_match
tk-xy-w,XY trainer Kit (Wigglytuff),TK,7b796068-93b1-410c-9bb7-e975cad9c78f,2,Pidgeotto,,not_listed_on_bulbapedia_index,no_index_match
tk-xy-w,XY trainer Kit (Wigglytuff),TK,4c9ac2fc-ce77-4837-bcb5-36d400756633,20,Potion,,not_listed_on_bulbapedia_index,no_index_match
tk-xy-w,XY trainer Kit (Wigglytuff),TK,160b3d65-8335-4e05-add4-15b51c9438b3,21,Fairy Energy,,not_listed_on_bulbapedia_index,no_index_match
tk-xy-w,XY trainer Kit (Wigglytuff),TK,b0426870-f76a-48f6-9d29-f1d0d62c5e9a,22,Fairy Energy,,not_listed_on_bulbapedia_index,no_index_match
tk-xy-w,XY trainer Kit (Wigglytuff),TK,c26ebea3-8a5b-42cb-aa49-894d2a911390,23,Pidgeotto,,not_listed_on_bulbapedia_index,no_index_match
tk-xy-w,XY trainer Kit (Wigglytuff),TK,d49398fa-3655-4e15-9a65-fe5c0387bf07,24,Trevor,,not_listed_on_bulbapedia_index,no_index_match
tk-xy-w,XY trainer Kit (Wigglytuff),TK,4c82bbf9-bb71-4fdf-9651-2496c4ce580d,25,Jigglypuff,,not_listed_on_bulbapedia_index,no_index_match
tk-xy-w,XY trainer Kit (Wigglytuff),TK,33767a06-c5fe-4338-856f-a22d414bf831,26,Tierno,,not_listed_on_bulbapedia_index,no_index_match
tk-xy-w,XY trainer Kit (Wigglytuff),TK,8685e9a3-9bc2-45af-80d5-82a2137bb581,27,Fairy Energy,,not_listed_on_bulbapedia_index,no_index_match
tk-xy-w,XY trainer Kit (Wigglytuff),TK,30b89bb1-54f6-44de-9112-103a09905392,28,Clefable,,not_listed_on_bulbapedia_index,no_index_match
tk-xy-w,XY trainer Kit (Wigglytuff),TK,551085bc-eb0c-4146-812a-66e0f72dc872,29,Pidgey,,not_listed_on_bulbapedia_index,no_index_match
tk-xy-w,XY trainer Kit (Wigglytuff),TK,49ef26c4-82c0-41be-8718-de738ee75a7b,3,Fairy Energy,,not_listed_on_bulbapedia_index,no_index_match
tk-xy-w,XY trainer Kit (Wigglytuff),TK,522ddd2a-9565-4d6b-94a2-f320d6e16700,30,Wigglytuff,,not_listed_on_bulbapedia_index,no_index_match
tk-xy-w,XY trainer Kit (Wigglytuff),TK,9486ffde-7e91-4c1f-9d8c-db6361cebfaa,4,Sentret,,not_listed_on_bulbapedia_index,no_index_match
tk-xy-w,XY trainer Kit (Wigglytuff),TK,fce82e38-dbd6-47e6-a9cb-7d675f98ccd2,5,Fairy Energy,,not_listed_on_bulbapedia_index,no_index_match
tk-xy-w,XY trainer Kit (Wigglytuff),TK,2720ab13-8d97-4a0d-b511-3642593da856,6,Fairy Energy,,not_listed_on_bulbapedia_index,no_index_match
tk-xy-w,XY trainer Kit (Wigglytuff),TK,bfded688-d8ac-4d9a-9b97-988739011c4f,7,Fairy Energy,,not_listed_on_bulbapedia_index,no_index_match
tk-xy-w,XY trainer Kit (Wigglytuff),TK,18c0acba-778c-427e-aed6-615a4e24bdd0,8,Fairy Energy,,not_listed_on_bulbapedia_index,no_index_match
tk-xy-w,XY trainer Kit (Wigglytuff),TK,2c8c8f02-ded6-473f-9a20-a5dc6021fc76,9,Fairy Energy,,not_listed_on_bulbapedia_index,no_index_match
tk1a,EX Trainer Kit Latias,TK,b79f9ae9-5995-45ba-b700-0ff117605787,10,Fire Energy,,not_listed_on_bulbapedia_index,no_index_match
tk1a,EX Trainer Kit Latias,TK,402f7c0f-1ce7-4470-bfa2-5abac95cae6c,3,Delcatty,,not_listed_on_bulbapedia_index,no_index_match
tk1a,EX Trainer Kit Latias,TK,ffc5196e-28e5-4fdb-b377-79a9ba96dc17,5,Numel,,not_listed_on_bulbapedia_index,no_index_match
tk1a,EX Trainer Kit Latias,TK,dd4bd5cc-cf87-4770-b856-159d91257dda,7,Torchic,,not_listed_on_bulbapedia_index,no_index_match
tk1a,EX Trainer Kit Latias,TK,5b1f0520-e937-4d63-988a-1a65080d430a,8,Potion,,not_listed_on_bulbapedia_index,no_index_match
tk1a,EX Trainer Kit Latias,TK,db6bd57a-4102-4422-a52e-6009dd12ed27,2,Combusken,,not_listed_on_bulbapedia_index,no_index_match
tk1a,EX Trainer Kit Latias,TK,a2f6a54a-d443-4aed-aca0-fc2e720bce2e,1,Bagon,,not_listed_on_bulbapedia_index,no_index_match
tk1a,EX Trainer Kit Latias,TK,31ea3948-2155-4f2f-bb0a-3662f76edcc9,4,Latias,,not_listed_on_bulbapedia_index,no_index_match
tk1a,EX Trainer Kit Latias,TK,3fd0dc0c-9f2f-4e48-8e3b-d4d253f377ec,9,Energy Search,,not_listed_on_bulbapedia_index,no_index_match
tk1a,EX Trainer Kit Latias,TK,be5be3ca-957f-470b-b558-f91c21c3cad6,6,Skitty,,not_listed_on_bulbapedia_index,no_index_match
tk1b,EX Trainer Kit Latios,TK,02c40b14-2ed3-4803-8974-dd68c9a74ad1,2,Latios,,not_listed_on_bulbapedia_index,no_index_match
tk1b,EX Trainer Kit Latios,TK,48bf749c-5349-43c6-967e-0f330f04bab9,7,Zigzagoon,,not_listed_on_bulbapedia_index,no_index_match
tk1b,EX Trainer Kit Latios,TK,0eb9e8db-ae0c-4631-b05f-53ff181d24ab,1,Electrike,,not_listed_on_bulbapedia_index,no_index_match
tk1b,EX Trainer Kit Latios,TK,9e1b9fb4-69c8-424c-b74f-38ac10e4004c,8,Potion,,not_listed_on_bulbapedia_index,no_index_match
tk1b,EX Trainer Kit Latios,TK,cdf9d0ad-8fe2-4f83-8e1f-c52342c6eeef,10,Lightning Energy,,not_listed_on_bulbapedia_index,no_index_match
tk1b,EX Trainer Kit Latios,TK,9e64f9c9-25f8-4a85-a22b-b71fc3773a54,9,Energy Search,,not_listed_on_bulbapedia_index,no_index_match
tk1b,EX Trainer Kit Latios,TK,a1d461ed-8b82-4d40-aa20-5923a7234d40,6,Pikachu,,not_listed_on_bulbapedia_index,no_index_match
tk1b,EX Trainer Kit Latios,TK,e9595114-63f9-48a1-911f-ffcb38d60cae,5,Magneton,,not_listed_on_bulbapedia_index,no_index_match
tk1b,EX Trainer Kit Latios,TK,ba3a12a8-2736-4983-8b99-a93f391129a0,4,Magnemite,,not_listed_on_bulbapedia_index,no_index_match
tk1b,EX Trainer Kit Latios,TK,1c0e523c-32df-48f6-a24e-de0faf05eb68,3,Linoone,,not_listed_on_bulbapedia_index,no_index_match
tk2a,EX Trainer Kit 2 Plusle,TK,2c4cc6f5-816c-409c-8031-f1019d0ae834,4,Meowth,,not_listed_on_bulbapedia_index,no_index_match
tk2a,EX Trainer Kit 2 Plusle,TK,08bbf5bf-7b96-4f0a-8cbf-206eccc841b7,9,Potion,,not_listed_on_bulbapedia_index,no_index_match
tk2a,EX Trainer Kit 2 Plusle,TK,31885cbc-2309-4705-8db6-b891181d3f0e,8,Energy Search,,not_listed_on_bulbapedia_index,no_index_match
tk2a,EX Trainer Kit 2 Plusle,TK,402a67e2-a64f-448f-b8df-cd728cc27a5e,11,Lightning Energy,,not_listed_on_bulbapedia_index,no_index_match
tk2a,EX Trainer Kit 2 Plusle,TK,fa7231a5-1ee5-4616-be50-9254c328c909,12,Psychic Energy,,not_listed_on_bulbapedia_index,no_index_match
tk2a,EX Trainer Kit 2 Plusle,TK,2f112723-fb3e-4e3b-a217-224ed5c297c7,7,Spoink,,not_listed_on_bulbapedia_index,no_index_match
tk2a,EX Trainer Kit 2 Plusle,TK,39edd0f9-280b-4a5d-8abe-f9a707aa59e9,1,Beldum,,not_listed_on_bulbapedia_index,no_index_match
tk2a,EX Trainer Kit 2 Plusle,TK,6ca99fa5-081f-49a3-9e56-1f74c3bff2c2,2,Electrike,,not_listed_on_bulbapedia_index,no_index_match
tk2a,EX Trainer Kit 2 Plusle,TK,06d5dae6-c06f-4df6-bbcf-1e2689a17a2b,5,Metang,,not_listed_on_bulbapedia_index,no_index_match
tk2a,EX Trainer Kit 2 Plusle,TK,294b5cbb-59e3-4903-82b7-3f838f3cf2eb,10,Professor Cozmo's Discovery,,not_listed_on_bulbapedia_index,no_index_match
tk2a,EX Trainer Kit 2 Plusle,TK,b7152b5b-1e33-4958-bb98-cace9f30a478,6,Plusle,,not_listed_on_bulbapedia_index,no_index_match
tk2a,EX Trainer Kit 2 Plusle,TK,cab9e822-0dbd-42d0-b246-5d8b2bc0dcc9,3,Grumpig,,not_listed_on_bulbapedia_index,no_index_match
tk2b,EX Trainer Kit 2 Minun,TK,61eead92-0cc3-4e27-8f27-97d2627f3bc9,4,Growlithe,,not_listed_on_bulbapedia_index,no_index_match
tk2b,EX Trainer Kit 2 Minun,TK,bc768f61-eb0a-47a2-8da2-840c9e799599,7,Vulpix,,not_listed_on_bulbapedia_index,no_index_match
tk2b,EX Trainer Kit 2 Minun,TK,832056b9-53ad-4dea-b930-d2773ac6b98a,10,Potion,,not_listed_on_bulbapedia_index,no_index_match
tk2b,EX Trainer Kit 2 Minun,TK,fa24f25e-8625-4fd0-9767-2b94fb6c646f,5,Mareep,,not_listed_on_bulbapedia_index,no_index_match
tk2b,EX Trainer Kit 2 Minun,TK,b88f3958-dc6c-420f-89cc-a7482e251fd1,3,Charmeleon,,not_listed_on_bulbapedia_index,no_index_match
tk2b,EX Trainer Kit 2 Minun,TK,640ffc64-8bf7-4acd-9b42-fbb88d7f018b,1,Arcanine,,not_listed_on_bulbapedia_index,no_index_match
tk2b,EX Trainer Kit 2 Minun,TK,68f4ee61-6185-4606-9d57-b86b75351ed7,12,Lightning Energy,,not_listed_on_bulbapedia_index,no_index_match
tk2b,EX Trainer Kit 2 Minun,TK,710bb5ff-cac4-4b94-8ed7-2fd4f91f1485,8,Celio's Network,,not_listed_on_bulbapedia_index,no_index_match
tk2b,EX Trainer Kit 2 Minun,TK,c4039eb1-f7e6-4fed-b5db-ba641e47900f,2,Charmander,,not_listed_on_bulbapedia_index,no_index_match
tk2b,EX Trainer Kit 2 Minun,TK,398592c5-cd8b-4731-a849-efadb8fc268b,9,Energy Search,,not_listed_on_bulbapedia_index,no_index_match
tk2b,EX Trainer Kit 2 Minun,TK,878cd7d6-0326-4dac-b464-b7b49d9baec2,11,Fire Energy,,not_listed_on_bulbapedia_index,no_index_match
tk2b,EX Trainer Kit 2 Minun,TK,b13a000a-de8a-4f46-9b1c-0112c44c737d,6,Minun,,not_listed_on_bulbapedia_index,no_index_match
